item_sku,external_product_id,external_product_id_type,item_name,brand_name,manufacturer,feed_product_type,part_number,product_description,update_delete,product_site_launch_date,standard_price,currency,quantity,item_package_quantity,merchant_release_date,sale_price,sale_from_date,sale_end_date,condition_type,condition_note,fulfillment_latency,restock_date,max_aggregate_ship_quantity,offering_can_be_gift_messaged,offering_can_be_giftwrapped,is_discontinued_by_manufacturer,missing_keyset_reason,weee_tax_value,weee_tax_value_unit_of_measure,merchant_shipping_group_name,website_shipping_weight,website_shipping_weight_unit_of_measure,item_display_length,item_display_length_unit_of_measure,item_display_width,item_display_width_unit_of_measure,item_display_height,item_display_height_unit_of_measure,item_display_diameter,item_display_diameter_unit_of_measure,item_display_weight,item_display_weight_unit_of_measure,item_display_volume,item_display_volume_unit_of_measure,recommended_browse_nodes1,recommended_browse_nodes2,catalog_number,bullet_point1,bullet_point2,bullet_point3,bullet_point4,bullet_point5,generic_keywords1,generic_keywords2,generic_keywords3,generic_keywords4,generic_keywords5,platinum_keywords1,platinum_keywords2,platinum_keywords3,platinum_keywords4,platinum_keywords5,target_audience_keywords1,target_audience_keywords2,target_audience_keywords3,target_audience_keywords4,target_audience_keywords5,main_image_url,swatch_image_url,other_image_url1,other_image_url2,other_image_url3,other_image_url4,other_image_url5,other_image_url6,other_image_url7,other_image_url8,fulfillment_center_id,parent_child,parent_sku,relationship_type,variation_theme,eu_toys_safety_directive_age_warning,eu_toys_safety_directive_warning1,eu_toys_safety_directive_warning2,eu_toys_safety_directive_warning3,eu_toys_safety_directive_warning4,eu_toys_safety_directive_warning5,eu_toys_safety_directive_warning6,eu_toys_safety_directive_warning7,eu_toys_safety_directive_warning8,eu_toys_safety_directive_language1,eu_toys_safety_directive_language2,eu_toys_safety_directive_language3,eu_toys_safety_directive_language4,eu_toys_safety_directive_language5,eu_toys_safety_directive_language6,eu_toys_safety_directive_language7,eu_toys_safety_directive_language8,country_string,safety_warning,energy_efficiency_image_url,product_efficiency_image_url,is_stain_resistant,color_name,size_name,thread_count,material_type,number_of_sets,wattage,color_map,warranty_description,number_of_pieces,awards_won,scent_name,unit_count_type,unit_count,theme,style_name,specific_uses_for_product1,specific_uses_for_product2,specific_uses_for_product3,specific_uses_for_product4,specific_uses_for_product5,special_features1,special_features2,special_features3,special_features4,special_features5,seating_capacity,pattern_name,paper_size,paint_type,occasion_type1,occasion_type2,occasion_type3,occasion_type4,occasion_type5,number_of_doors,material_composition,line_weight,item_type_name,item_styling,item_shape,item_hardness,installation_type,included_components1,included_components2,included_components3,included_components4,included_components5,included_components6,included_components7,included_components8,included_components9,included_components10,frame_type,form_factor,finish_type1,finish_type2,finish_type3,finish_type4,finish_type5,adjustment_type,are_batteries_included,batteries_required,battery_type,number_of_batteries,efficiency,thermal_performance_description,seasons1,seasons2,seasons3,seasons4,outer_material_type1,outer_material_type2,outer_material_type3,outer_material_type4,outer_material_type5,occupancy,mfg_minimum,mfg_maximum,item_thickness_derived,item_thickness_unit_of_measure,inner_material_type,item_diameter_derived,item_diameter_unit_of_measure,capacity,capacity_unit_of_measure
1000DEEPFITBEI-D,5.08E+11,ean,,Homescapes,Homescapes,bedandbath,,"Homescapes possèdent 30 années d’expérience dans la fabrication de literie de qualité supérieure pour les meilleurs hôtels 5 et 7 étoiles du monde entier. Homescapes offre maintenant leurs produits directement aux consommateurs à un prix qui fournit un excellent rapport qualité prix en éliminant les intermédiaires et en mettant les économies directement sur le compte du consommateur. Ceci signifie que vous pouvez bénéficier de plus de deux décennies d’expérience en textile de Homescapes à un prix extraordinaire. Homescapes contrôle entièrement tous les aspects de la conception, la fabrication et la distribution en assurant la qualité continuellement. Cette literie a été fabriquée avec de longue fibre de coton dans l’une des filatures la plus avancée du monde entier. Le tissu est ensuite soigneusement tissé et contrôlé pour le rendre conforme aux normes strictement définies des hôtels luxueux partout dans le monde. C’est un véritable tissu avec un nombre de fils élevé car nous utilisons que des fils simples et non des fils torsadés. Une densité de tissage aussi élevée signifie que la plupart des allergènes et acariens sont éliminés. Cette gamme de literie est assemblée dans un environnement où la qualité est primordiale. Vous pouvez facilement vous en rendre compte en voyant la qualité de l’emballage et letoucher du tissu. Les housses couette et les taies d’oreiller possèdent des rabats profonds qui vous permettent de les changer très facilement et de bine caller les oreillers. Puisque le tissu du rabat est profond, vous ne pouvez pas voir la couette ou la taie d’oreiller après les avoir couvertes. C’est exactement le même type de literie que vous verrez dans un hôtel de luxe. Les draps-housse ont un élastique autour afin de s'adapter parfaitement aux matelas profonds. Les draps-plat sont entourés d'un bel ourlet régulier.",update,,114.99,eur,0,,,,,,neuf,,,,,,,,,,,,,,,,,,,,,,,,,,3213180031,,,Taille: Drap-housse 2 Personnes 140 x 190 cm. Norme Anglaise. Tissu 100% Coton 1000 Fils (400 fils/cm²). Gris Foncé. Lavable à 60 Degrés afin d’assurer la meilleure protection possible contre les acariens.,"Ce produit est 100% Coton Peigné d’Égypte, 1000 fils au pouce carré (400 fils/cm², fils simples et non torsadés) ce qui signifie que la literie possède un toucher exceptionnellement moelleux et luxueux et bien plus doux sur la peau que le coton de qualité inférieure et les mélanges poly-coton.",Homescapes utilisent uniquement les fils simples pour fabriquer leur literie. Un produit 1000 fils d’un véritable fils simple résistera mieux et donnera une meilleure flexibilité et douceur. Les draps-housse sont entourés d'un élastique s'adaptant parfaitement aux matelas profonds.,"Homescapes offrent une large gamme de produits complémentaires comme : taies d’oreiller (style Housewife et Oxford), draps plats, draps-housse (disponibles en 25 et 45 cm), housses de couette et lots. La gamme complète de literie en 1000 fils est disponible en blanc et crème (nuances d’ivoire).","Ce produit est excellent pour toutes pesonnes allergiques à la poussière ou faisant de l’asthme. La haute densité du tissage de coton empêche la pénétration des acariens, assurant ainsi un sommeil très sain. De plus, le coton à haute densité possède de grandes propriétés d’absorption d’humidité qui aide à protéger le matelas contre la sueur et la graisse.","drap housse, 140x190, profond, élastique, coton Eypien","beige, café crème, marron, marron clair, vison,","literie, chic, satin, soie, joli, classe, élevé","super doux,ferme,clair,hôtel,élevé,qualité,dessus","Meilleur, Cher, Designer, Exclusif, remise",,,,,,,,,,,,,,,,,,,,,,,,,,,,,,,,,,,,,,,,,,,,,,,,Beige,Double,,,,,beige,,,,,,,,,,,,,,,,,,,,,,,,,,,,,,,,,,,,,,,,,,,,,,,,,,,,,,,,,,,,,,,,,,,,,,,,,,,,,,
1000DEEPFITBEI-K,5.08E+11,ean,Homescapes – 1000 Fils (400 fils/cm²) – (Fil Non-Torsadé) Ultra-doux – Drap-housse Uni – Café Crème– Profondeur 46 cm - 2 Personnes 150 x 200 cm – Percale - 100% Coton Egyptien De Luxe – Anti-Acariens,Homescapes,Homescapes,bedandbath,,"Homescapes possèdent 30 années d’expérience dans la fabrication de literie de qualité supérieure pour les meilleurs hôtels 5 et 7 étoiles du monde entier. Homescapes offre maintenant leurs produits directement aux consommateurs à un prix qui fournit un excellent rapport qualité prix en éliminant les intermédiaires et en mettant les économies directement sur le compte du consommateur. Ceci signifie que vous pouvez bénéficier de plus de deux décennies d’expérience en textile de Homescapes à un prix extraordinaire. Homescapes contrôle entièrement tous les aspects de la conception, la fabrication et la distribution en assurant la qualité continuellement. Cette literie a été fabriquée avec de longue fibre de coton dans l’une des filatures la plus avancée du monde entier. Le tissu est ensuite soigneusement tissé et contrôlé pour le rendre conforme aux normes strictement définies des hôtels luxueux partout dans le monde. C’est un véritable tissu avec un nombre de fils élevé car nous utilisons que des fils simples et non des fils torsadés. Une densité de tissage aussi élevée signifie que la plupart des allergènes et acariens sont éliminés. Cette gamme de literie est assemblée dans un environnement où la qualité est primordiale. Vous pouvez facilement vous en rendre compte en voyant la qualité de l’emballage et letoucher du tissu. Les housses couette et les taies d’oreiller possèdent des rabats profonds qui vous permettent de les changer très facilement et de bine caller les oreillers. Puisque le tissu du rabat est profond, vous ne pouvez pas voir la couette ou la taie d’oreiller après les avoir couvertes. C’est exactement le même type de literie que vous verrez dans un hôtel de luxe. Les draps-housse ont un élastique autour afin de s'adapter parfaitement aux matelas profonds. Les draps-plat sont entourés d'un bel ourlet régulier.",update,,129.99,eur,0,,,,,,neuf,,,,,,,,,,,,,,,,,,,,,,,,,,3213180031,,,Taille: Drap-housse 2 Personnes 150 x 200 cm. Norme Anglaise. Tissu 100% Coton 1000 Fils (400 fils/cm²). Café Crème. Lavable à 60 Degrés afin d’assurer la meilleure protection possible contre les acariens.,"Ce produit est 100% Coton Peigné d’Égypte, 1000 fils au pouce carré (400 fils/cm², fils simples et non torsadés) ce qui signifie que la literie possède un toucher exceptionnellement moelleux et luxueux et bien plus doux sur la peau que le coton de qualité inférieure et les mélanges poly-coton.",Homescapes utilisent uniquement les fils simples pour fabriquer leur literie. Un produit 1000 fils d’un véritable fils simple résistera mieux et donnera une meilleure flexibilité et douceur. Les draps-housse sont entourés d'un élastique s'adaptant parfaitement aux matelas profonds.,"Homescapes offrent une large gamme de produits complémentaires comme : taies d’oreiller (style Housewife et Oxford), draps plats, draps-housse (disponibles en 25 et 45 cm), housses de couette et lots. La gamme complète de literie en 1000 fils est disponible en blanc et crème (nuances d’ivoire).","Ce produit est excellent pour toutes pesonnes allergiques à la poussière ou faisant de l’asthme. La haute densité du tissage de coton empêche la pénétration des acariens, assurant ainsi un sommeil très sain. De plus, le coton à haute densité possède de grandes propriétés d’absorption d’humidité qui aide à protéger le matelas contre la sueur et la graisse.","drap housse, 150x200, profond, élastique, coton Eypien","beige, café crème, marron, marron clair, vison,","literie, chic, satin, soie, joli, classe, élevé","super doux,ferme,clair,hôtel,élevé,qualité,dessus","Meilleur, Cher, Designer, Exclusif, remise",,,,,,,,,,,,,,,,,,,,,,,,,,,,,,,,,,,,,,,,,,,,,,,,Beige,King_Size,,,,,beige,,,,,,,,,,,,,,,,,,,,,,,,,,,,,,,,,,,,,,,,,,,,,,,,,,,,,,,,,,,,,,,,,,,,,,,,,,,,,,
1000DEEPFITBEI-S,5.08E+11,ean,Homescapes – 1000 Fils (400 fils/cm²) – (Fil Non-Torsadé) Ultra-doux – Drap-housse Uni – Café Crème– Profondeur 46 cm - 1 Personne 90 x 190 cm – Percale - 100% Coton Egyptien De Luxe – Anti-Acariens,Homescapes,Homescapes,bedandbath,,"Homescapes possèdent 30 années d’expérience dans la fabrication de literie de qualité supérieure pour les meilleurs hôtels 5 et 7 étoiles du monde entier. Homescapes offre maintenant leurs produits directement aux consommateurs à un prix qui fournit un excellent rapport qualité prix en éliminant les intermédiaires et en mettant les économies directement sur le compte du consommateur. Ceci signifie que vous pouvez bénéficier de plus de deux décennies d’expérience en textile de Homescapes à un prix extraordinaire. Homescapes contrôle entièrement tous les aspects de la conception, la fabrication et la distribution en assurant la qualité continuellement. Cette literie a été fabriquée avec de longue fibre de coton dans l’une des filatures la plus avancée du monde entier. Le tissu est ensuite soigneusement tissé et contrôlé pour le rendre conforme aux normes strictement définies des hôtels luxueux partout dans le monde. C’est un véritable tissu avec un nombre de fils élevé car nous utilisons que des fils simples et non des fils torsadés. Une densité de tissage aussi élevée signifie que la plupart des allergènes et acariens sont éliminés. Cette gamme de literie est assemblée dans un environnement où la qualité est primordiale. Vous pouvez facilement vous en rendre compte en voyant la qualité de l’emballage et letoucher du tissu. Les housses couette et les taies d’oreiller possèdent des rabats profonds qui vous permettent de les changer très facilement et de bine caller les oreillers. Puisque le tissu du rabat est profond, vous ne pouvez pas voir la couette ou la taie d’oreiller après les avoir couvertes. C’est exactement le même type de literie que vous verrez dans un hôtel de luxe. Les draps-housse ont un élastique autour afin de s'adapter parfaitement aux matelas profonds. Les draps-plat sont entourés d'un bel ourlet régulier.",update,,99.99,eur,0,,,,,,neuf,,,,,,,,,,,,,,,,,,,,,,,,,,3213180031,,,Taille: Drap-housse 1 Personne 90 x 190 cm. Norme Anglaise. Tissu 100% Coton 1000 Fils (400 fils/cm²). Café Crème. Lavable à 60 Degrés afin d’assurer la meilleure protection possible contre les acariens.,"Ce produit est 100% Coton Peigné d’Égypte, 1000 fils au pouce carré (400 fils/cm², fils simples et non torsadés) ce qui signifie que la literie possède un toucher exceptionnellement moelleux et luxueux et bien plus doux sur la peau que le coton de qualité inférieure et les mélanges poly-coton.",Homescapes utilisent uniquement les fils simples pour fabriquer leur literie. Un produit 1000 fils d’un véritable fils simple résistera mieux et donnera une meilleure flexibilité et douceur. Les draps-housse sont entourés d'un élastique s'adaptant parfaitement aux matelas profonds.,"Homescapes offrent une large gamme de produits complémentaires comme : taies d’oreiller (style Housewife et Oxford), draps plats, draps-housse (disponibles en 25 et 45 cm), housses de couette et lots. La gamme complète de literie en 1000 fils est disponible en blanc et crème (nuances d’ivoire).","Ce produit est excellent pour toutes pesonnes allergiques à la poussière ou faisant de l’asthme. La haute densité du tissage de coton empêche la pénétration des acariens, assurant ainsi un sommeil très sain. De plus, le coton à haute densité possède de grandes propriétés d’absorption d’humidité qui aide à protéger le matelas contre la sueur et la graisse.","drap housse, 90x190, profond, élastique, coton Eypien","beige, café crème, marron, marron clair, vison,","literie, chic, satin, soie, joli, classe, élevé","super doux,ferme,clair,hôtel,élevé,qualité,dessus","Meilleur, Cher, Designer, Exclusif, remise",,,,,,,,,,,,,,,,,,,,,,,,,,,,,,,,,,,,,,,,,,,,,,,,Beige,Single,,,,,beige,,,,,,,,,,,,,,,,,,,,,,,,,,,,,,,,,,,,,,,,,,,,,,,,,,,,,,,,,,,,,,,,,,,,,,,,,,,,,,
1000DEEPFITBEI-SK,5.08E+11,ean,Homescapes – 1000 Fils (400 fils/cm²) – (Fil Non-Torsadé) Ultra-doux – Drap-housse Uni – Café Crème – Profondeur 46 cm - 2 Personnes 180 x 200 cm – Percale - 100% Coton Egyptien De Luxe – Anti-Acariens,Homescapes,Homescapes,bedandbath,,"Homescapes possèdent 30 années d’expérience dans la fabrication de literie de qualité supérieure pour les meilleurs hôtels 5 et 7 étoiles du monde entier. Homescapes offre maintenant leurs produits directement aux consommateurs à un prix qui fournit un excellent rapport qualité prix en éliminant les intermédiaires et en mettant les économies directement sur le compte du consommateur. Ceci signifie que vous pouvez bénéficier de plus de deux décennies d’expérience en textile de Homescapes à un prix extraordinaire. Homescapes contrôle entièrement tous les aspects de la conception, la fabrication et la distribution en assurant la qualité continuellement. Cette literie a été fabriquée avec de longue fibre de coton dans l’une des filatures la plus avancée du monde entier. Le tissu est ensuite soigneusement tissé et contrôlé pour le rendre conforme aux normes strictement définies des hôtels luxueux partout dans le monde. C’est un véritable tissu avec un nombre de fils élevé car nous utilisons que des fils simples et non des fils torsadés. Une densité de tissage aussi élevée signifie que la plupart des allergènes et acariens sont éliminés. Cette gamme de literie est assemblée dans un environnement où la qualité est primordiale. Vous pouvez facilement vous en rendre compte en voyant la qualité de l’emballage et letoucher du tissu. Les housses couette et les taies d’oreiller possèdent des rabats profonds qui vous permettent de les changer très facilement et de bine caller les oreillers. Puisque le tissu du rabat est profond, vous ne pouvez pas voir la couette ou la taie d’oreiller après les avoir couvertes. C’est exactement le même type de literie que vous verrez dans un hôtel de luxe. Les draps-housse ont un élastique autour afin de s'adapter parfaitement aux matelas profonds. Les draps-plat sont entourés d'un bel ourlet régulier.",update,,144.99,eur,0,,,,,,neuf,,,,,,,,,,,,,,,,,,,,,,,,,,3213180031,,,Taille: Drap-housse 2 Personnes 180 x 200 cm. Norme Anglaise. Tissu 100% Coton 1000 Fils (400 fils/cm²). Café Crème. Lavable à 60 Degrés afin d’assurer la meilleure protection possible contre les acariens.,"Ce produit est 100% Coton Peigné d’Égypte, 1000 fils au pouce carré (400 fils/cm², fils simples et non torsadés) ce qui signifie que la literie possède un toucher exceptionnellement moelleux et luxueux et bien plus doux sur la peau que le coton de qualité inférieure et les mélanges poly-coton.",Homescapes utilisent uniquement les fils simples pour fabriquer leur literie. Un produit 1000 fils d’un véritable fils simple résistera mieux et donnera une meilleure flexibilité et douceur. Les draps-housse sont entourés d'un élastique s'adaptant parfaitement aux matelas profonds.,"Homescapes offrent une large gamme de produits complémentaires comme : taies d’oreiller (style Housewife et Oxford), draps plats, draps-housse (disponibles en 25 et 45 cm), housses de couette et lots. La gamme complète de literie en 1000 fils est disponible en blanc et crème (nuances d’ivoire).","Ce produit est excellent pour toutes pesonnes allergiques à la poussière ou faisant de l’asthme. La haute densité du tissage de coton empêche la pénétration des acariens, assurant ainsi un sommeil très sain. De plus, le coton à haute densité possède de grandes propriétés d’absorption d’humidité qui aide à protéger le matelas contre la sueur et la graisse.","drap housse, 180x200 profond, élastique, coton Eypien","beige, café crème, marron, marron clair, vison,","literie, chic, satin, soie, joli, classe, élevé","super doux,ferme,clair,hôtel,élevé,qualité,dessus","Meilleur, Cher, Designer, Exclusif, remise",,,,,,,,,,,,,,,,,,,,,,,,,,,,,,,,,,,,,,,,,,,,,,,,Beige,Superking,,,,,beige,,,,,,,,,,,,,,,,,,,,,,,,,,,,,,,,,,,,,,,,,,,,,,,,,,,,,,,,,,,,,,,,,,,,,,,,,,,,,,
1000DEEPFITDGRY-D,5.08E+11,ean,Homescapes – 1000 Fils (400 fils/cm²) – (Fil Non-Torsadé) Ultra-doux – Drap-housse Uni – Gris Foncé – Profondeur 46 cm - 2 Personnes 140 x 190 cm – Percale - 100% Coton Egyptien De Luxe – Anti-Acariens,Homescapes,Homescapes,bedandbath,,"Homescapes possèdent 30 années d’expérience dans la fabrication de literie de qualité supérieure pour les meilleurs hôtels 5 et 7 étoiles du monde entier. Homescapes offre maintenant leurs produits directement aux consommateurs à un prix qui fournit un excellent rapport qualité prix en éliminant les intermédiaires et en mettant les économies directement sur le compte du consommateur. Ceci signifie que vous pouvez bénéficier de plus de deux décennies d’expérience en textile de Homescapes à un prix extraordinaire. Homescapes contrôle entièrement tous les aspects de la conception, la fabrication et la distribution en assurant la qualité continuellement. Cette literie a été fabriquée avec de longue fibre de coton dans l’une des filatures la plus avancée du monde entier. Le tissu est ensuite soigneusement tissé et contrôlé pour le rendre conforme aux normes strictement définies des hôtels luxueux partout dans le monde. C’est un véritable tissu avec un nombre de fils élevé car nous utilisons que des fils simples et non des fils torsadés. Une densité de tissage aussi élevée signifie que la plupart des allergènes et acariens sont éliminés. Cette gamme de literie est assemblée dans un environnement où la qualité est primordiale. Vous pouvez facilement vous en rendre compte en voyant la qualité de l’emballage et letoucher du tissu. Les housses couette et les taies d’oreiller possèdent des rabats profonds qui vous permettent de les changer très facilement et de bine caller les oreillers. Puisque le tissu du rabat est profond, vous ne pouvez pas voir la couette ou la taie d’oreiller après les avoir couvertes. C’est exactement le même type de literie que vous verrez dans un hôtel de luxe. Les draps-housse ont un élastique autour afin de s'adapter parfaitement aux matelas profonds. Les draps-plat sont entourés d'un bel ourlet régulier.",update,,114.99,eur,0,,,,,,neuf,,,,,,,,,,,,,,,,,,,,,,,,,,3213180031,,,Taille: Drap-housse 2 Personnes 140 x 190 cm. Norme Anglaise. Tissu 100% Coton 1000 Fils (400 fils/cm²). Gris Foncé. Lavable à 60 Degrés afin d’assurer la meilleure protection possible contre les acariens.,"Ce produit est 100% Coton Peigné d’Égypte, 1000 fils au pouce carré (400 fils/cm², fils simples et non torsadés) ce qui signifie que la literie possède un toucher exceptionnellement moelleux et luxueux et bien plus doux sur la peau que le coton de qualité inférieure et les mélanges poly-coton.",Homescapes utilisent uniquement les fils simples pour fabriquer leur literie. Un produit 1000 fils d’un véritable fils simple résistera mieux et donnera une meilleure flexibilité et douceur. Les draps-housse sont entourés d'un élastique s'adaptant parfaitement aux matelas profonds.,"Homescapes offrent une large gamme de produits complémentaires comme : taies d’oreiller (style Housewife et Oxford), draps plats, draps-housse (disponibles en 25 et 45 cm), housses de couette et lots. La gamme complète de literie en 1000 fils est disponible en blanc et crème (nuances d’ivoire).","Ce produit est excellent pour toutes pesonnes allergiques à la poussière ou faisant de l’asthme. La haute densité du tissage de coton empêche la pénétration des acariens, assurant ainsi un sommeil très sain. De plus, le coton à haute densité possède de grandes propriétés d’absorption d’humidité qui aide à protéger le matelas contre la sueur et la graisse.","drap housse, 140x190, profond, élastique, coton Eypien","gris,noir,gris foncé,anthracite, gris souris, gris clair","literie, chic, luxe, satin, soie, joli, classe, élevé","doux, super doux,ferme, agréable,hotel","quaité, meilleur, cher, 100% coton,",,,,,,,,,,,,,,,,,,,,,,,,,,,,,,,,,,,,,,,,,,,,,,,,Grey,Double,,,,,gris,,,,,,,,,,,,,,,,,,,,,,,,,,,,,,,,,,,,,,,,,,,,,,,,,,,,,,,,,,,,,,,,,,,,,,,,,,,,,,
1000DEEPFITDGRY-K,5.08E+11,ean,Homescapes – 1000 Fils (400 fils/cm²) – (Fil Non-Torsadé) Ultra-doux – Drap-housse Uni – Gris Foncé – Profondeur 46 cm - 2 Personnes 150 x 200 cm – Percale - 100% Coton Egyptien De Luxe – Anti-Acariens,Homescapes,Homescapes,bedandbath,,"Homescapes possèdent 30 années d’expérience dans la fabrication de literie de qualité supérieure pour les meilleurs hôtels 5 et 7 étoiles du monde entier. Homescapes offre maintenant leurs produits directement aux consommateurs à un prix qui fournit un excellent rapport qualité prix en éliminant les intermédiaires et en mettant les économies directement sur le compte du consommateur. Ceci signifie que vous pouvez bénéficier de plus de deux décennies d’expérience en textile de Homescapes à un prix extraordinaire. Homescapes contrôle entièrement tous les aspects de la conception, la fabrication et la distribution en assurant la qualité continuellement. Cette literie a été fabriquée avec de longue fibre de coton dans l’une des filatures la plus avancée du monde entier. Le tissu est ensuite soigneusement tissé et contrôlé pour le rendre conforme aux normes strictement définies des hôtels luxueux partout dans le monde. C’est un véritable tissu avec un nombre de fils élevé car nous utilisons que des fils simples et non des fils torsadés. Une densité de tissage aussi élevée signifie que la plupart des allergènes et acariens sont éliminés. Cette gamme de literie est assemblée dans un environnement où la qualité est primordiale. Vous pouvez facilement vous en rendre compte en voyant la qualité de l’emballage et letoucher du tissu. Les housses couette et les taies d’oreiller possèdent des rabats profonds qui vous permettent de les changer très facilement et de bine caller les oreillers. Puisque le tissu du rabat est profond, vous ne pouvez pas voir la couette ou la taie d’oreiller après les avoir couvertes. C’est exactement le même type de literie que vous verrez dans un hôtel de luxe. Les draps-housse ont un élastique autour afin de s'adapter parfaitement aux matelas profonds. Les draps-plat sont entourés d'un bel ourlet régulier.",update,,129.99,eur,0,,,,,,neuf,,,,,,,,,,,,,,,,,,,,,,,,,,3213180031,,,Taille: Drap-housse 2 Personnes 150 x 200 cm. Norme Anglaise. Tissu 100% Coton 1000 Fils (400 fils/cm²). Gris Foncé. Lavable à 60 Degrés afin d’assurer la meilleure protection possible contre les acariens.,"Ce produit est 100% Coton Peigné d’Égypte, 1000 fils au pouce carré (400 fils/cm², fils simples et non torsadés) ce qui signifie que la literie possède un toucher exceptionnellement moelleux et luxueux et bien plus doux sur la peau que le coton de qualité inférieure et les mélanges poly-coton.",Homescapes utilisent uniquement les fils simples pour fabriquer leur literie. Un produit 1000 fils d’un véritable fils simple résistera mieux et donnera une meilleure flexibilité et douceur. Les draps-housse sont entourés d'un élastique s'adaptant parfaitement aux matelas profonds.,"Homescapes offrent une large gamme de produits complémentaires comme : taies d’oreiller (style Housewife et Oxford), draps plats, draps-housse (disponibles en 25 et 45 cm), housses de couette et lots. La gamme complète de literie en 1000 fils est disponible en blanc et crème (nuances d’ivoire).","Ce produit est excellent pour toutes pesonnes allergiques à la poussière ou faisant de l’asthme. La haute densité du tissage de coton empêche la pénétration des acariens, assurant ainsi un sommeil très sain. De plus, le coton à haute densité possède de grandes propriétés d’absorption d’humidité qui aide à protéger le matelas contre la sueur et la graisse.","drap housse, 150x200, profond, élastique, coton Eypien","gris,noir,gris foncé,anthracite,blanc,gris clair","literie, chic, satin, soie, joli, classe, élevé","super doux,ferme,clair,hôtel,élevé,qualité,dessus","Meilleur, Cher, Designer, Exclusif, remise",,,,,,,,,,,,,,,,,,,,,,,,,,,,,,,,,,,,,,,,,,,,,,,,Grey,King_Size,,,,,gris,,,,,,,,,,,,,,,,,,,,,,,,,,,,,,,,,,,,,,,,,,,,,,,,,,,,,,,,,,,,,,,,,,,,,,,,,,,,,,
1000DEEPFITDGRY-S,5.08E+11,ean,,Homescapes,Homescapes,bedandbath,,"Homescapes possèdent 30 années d’expérience dans la fabrication de literie de qualité supérieure pour les meilleurs hôtels 5 et 7 étoiles du monde entier. Homescapes offre maintenant leurs produits directement aux consommateurs à un prix qui fournit un excellent rapport qualité prix en éliminant les intermédiaires et en mettant les économies directement sur le compte du consommateur. Ceci signifie que vous pouvez bénéficier de plus de deux décennies d’expérience en textile de Homescapes à un prix extraordinaire. Homescapes contrôle entièrement tous les aspects de la conception, la fabrication et la distribution en assurant la qualité continuellement. Cette literie a été fabriquée avec de longue fibre de coton dans l’une des filatures la plus avancée du monde entier. Le tissu est ensuite soigneusement tissé et contrôlé pour le rendre conforme aux normes strictement définies des hôtels luxueux partout dans le monde. C’est un véritable tissu avec un nombre de fils élevé car nous utilisons que des fils simples et non des fils torsadés. Une densité de tissage aussi élevée signifie que la plupart des allergènes et acariens sont éliminés. Cette gamme de literie est assemblée dans un environnement où la qualité est primordiale. Vous pouvez facilement vous en rendre compte en voyant la qualité de l’emballage et letoucher du tissu. Les housses couette et les taies d’oreiller possèdent des rabats profonds qui vous permettent de les changer très facilement et de bine caller les oreillers. Puisque le tissu du rabat est profond, vous ne pouvez pas voir la couette ou la taie d’oreiller après les avoir couvertes. C’est exactement le même type de literie que vous verrez dans un hôtel de luxe. Les draps-housse ont un élastique autour afin de s'adapter parfaitement aux matelas profonds. Les draps-plat sont entourés d'un bel ourlet régulier.",update,,99.99,eur,0,,,,,,neuf,,,,,,,,,,,,,,,,,,,,,,,,,,3213180031,,,Taille: Drap-housse 1 Personne 90 x 190 cm. Norme Anglaise. Tissu 100% Coton 1000 Fils (400 fils/cm²). Gris Foncé. Lavable à 60 Degrés afin d’assurer la meilleure protection possible contre les acariens.,"Ce produit est 100% Coton Peigné d’Égypte, 1000 fils au pouce carré (400 fils/cm², fils simples et non torsadés) ce qui signifie que la literie possède un toucher exceptionnellement moelleux et luxueux et bien plus doux sur la peau que le coton de qualité inférieure et les mélanges poly-coton.",Homescapes utilisent uniquement les fils simples pour fabriquer leur literie. Un produit 1000 fils d’un véritable fils simple résistera mieux et donnera une meilleure flexibilité et douceur. Les draps-housse sont entourés d'un élastique s'adaptant parfaitement aux matelas profonds.,"Homescapes offrent une large gamme de produits complémentaires comme : taies d’oreiller (style Housewife et Oxford), draps plats, draps-housse (disponibles en 25 et 45 cm), housses de couette et lots. La gamme complète de literie en 1000 fils est disponible en blanc et crème (nuances d’ivoire).","Ce produit est excellent pour toutes pesonnes allergiques à la poussière ou faisant de l’asthme. La haute densité du tissage de coton empêche la pénétration des acariens, assurant ainsi un sommeil très sain. De plus, le coton à haute densité possède de grandes propriétés d’absorption d’humidité qui aide à protéger le matelas contre la sueur et la graisse.","drap housse, 90x190, profond, élastique, coton Eypien","gris,noir,gris foncé,anthracite,blanc,gris clair","literie, chic, satin, soie, joli, classe, élevé","super doux,ferme,clair,hôtel,élevé,qualité,dessus","Meilleur, Cher, Designer, Exclusif, remise",,,,,,,,,,,,,,,,,,,,,,,,,,,,,,,,,,,,,,,,,,,,,,,,Grey,Single,,,,,gris,,,,,,,,,,,,,,,,,,,,,,,,,,,,,,,,,,,,,,,,,,,,,,,,,,,,,,,,,,,,,,,,,,,,,,,,,,,,,,
1000DEEPFITDGRY-SK,5.08E+11,ean,Homescapes – 1000 Fils (400 fils/cm²) – (Fil Non-Torsadé) Ultra-doux – Drap-housse Uni – Gris Foncé – Profondeur 46 cm - 2 Personnes 180 x 200 cm – Percale - 100% Coton Egyptien De Luxe – Anti-Acariens,Homescapes,Homescapes,bedandbath,,"Homescapes possèdent 30 années d’expérience dans la fabrication de literie de qualité supérieure pour les meilleurs hôtels 5 et 7 étoiles du monde entier. Homescapes offre maintenant leurs produits directement aux consommateurs à un prix qui fournit un excellent rapport qualité prix en éliminant les intermédiaires et en mettant les économies directement sur le compte du consommateur. Ceci signifie que vous pouvez bénéficier de plus de deux décennies d’expérience en textile de Homescapes à un prix extraordinaire. Homescapes contrôle entièrement tous les aspects de la conception, la fabrication et la distribution en assurant la qualité continuellement. Cette literie a été fabriquée avec de longue fibre de coton dans l’une des filatures la plus avancée du monde entier. Le tissu est ensuite soigneusement tissé et contrôlé pour le rendre conforme aux normes strictement définies des hôtels luxueux partout dans le monde. C’est un véritable tissu avec un nombre de fils élevé car nous utilisons que des fils simples et non des fils torsadés. Une densité de tissage aussi élevée signifie que la plupart des allergènes et acariens sont éliminés. Cette gamme de literie est assemblée dans un environnement où la qualité est primordiale. Vous pouvez facilement vous en rendre compte en voyant la qualité de l’emballage et letoucher du tissu. Les housses couette et les taies d’oreiller possèdent des rabats profonds qui vous permettent de les changer très facilement et de bine caller les oreillers. Puisque le tissu du rabat est profond, vous ne pouvez pas voir la couette ou la taie d’oreiller après les avoir couvertes. C’est exactement le même type de literie que vous verrez dans un hôtel de luxe. Les draps-housse ont un élastique autour afin de s&apos;adapter parfaitement aux matelas profonds. Les draps-plat sont entourés d&apos;un bel ourlet régulier.",update,,144.99,eur,0,,,,,,neuf,,,,,,,,,,,,,,,,,,,,,,,,,,3213180031,,,Taille: Drap-housse 2 Personnes 180 x 200 cm. Norme Anglaise. Tissu 100% Coton 1000 Fils (400 fils/cm²). Gris Foncé. Lavable à 60 Degrés afin d’assurer la meilleure protection possible contre les acariens.,"Ce produit est 100% Coton Peigné d’Égypte, 1000 fils au pouce carré (400 fils/cm², fils simples et non torsadés) ce qui signifie que la literie possède un toucher exceptionnellement moelleux et luxueux et bien plus doux sur la peau que le coton de qualité inférieure et les mélanges poly-coton.",Homescapes utilisent uniquement les fils simples pour fabriquer leur literie. Un produit 1000 fils d’un véritable fils simple résistera mieux et donnera une meilleure flexibilité et douceur. Les draps-housse sont entourés d'un élastique s'adaptant parfaitement aux matelas profonds.,"Homescapes offrent une large gamme de produits complémentaires comme : taies d’oreiller (style Housewife et Oxford), draps plats, draps-housse (disponibles en 25 et 45 cm), housses de couette et lots. La gamme complète de literie en 1000 fils est disponible en blanc et crème (nuances d’ivoire).","Ce produit est excellent pour toutes pesonnes allergiques à la poussière ou faisant de l’asthme. La haute densité du tissage de coton empêche la pénétration des acariens, assurant ainsi un sommeil très sain. De plus, le coton à haute densité possède de grandes propriétés d’absorption d’humidité qui aide à protéger le matelas contre la sueur et la graisse.","drap housse, 180x200, profond, élastique, coton Eypien","gris,noir,gris foncé,anthracite,blanc,gris clair","literie, chic, satin, soie, joli, classe, élevé","super doux,ferme,clair,hôtel,élevé,qualité,dessus","Meilleur, Cher, Designer, Exclusif, remise",,,,,,,,,,,,,,,,,,,,,,,,,,,,,,,,,,,,,,,,,,,,,,,,Grey,,,,,,,,,,,,,,,,,,,,,,,,,,,,,,,,,,,,,,,,,,,,,,,,,,,,,,,,,,,,,,,,,,,,,,,,,,,,,,,,,,,,
1000DUVCRED,5.08E+11,ean,Homescapes Housse de Couette Crème qualité Premium pour 1 à 2 personnes de 200 x 200 cm en Pur coton d'Egypte 1000 TC qualité percale 250 fils/cm²,Homescapes,Homescapes,bedandbath,,"<b>Homescapes</b> vous propose ici sa meilleure qualité de literie, le niveau <b>Premium</b>. En effet, vous trouverez dans ce produit une exigence sans pareille avec une densité de 250 fils/cm² fait à base de fin coton peigné d’Egypte(qualité percale), cette housse de couette vous rendra définitivement heureux en vous apportant un sommeil dès plus confortable.<b><b>Comme beaucoup de nos produits, celui-ci est lavable en machine jusqu’à 60 degrés, ce qui implique une protection <b>optimale</b> contre les acariens et autres allergènes qui ne résistent pas à cette température.<b><b>Nous l’avons souvent dit mais notre souhait chez <b>Homescapes</b> est de vous apporter la meilleure qualité directement depuis chez le fabricant, ce qui vous une literie de la meilleure qualité, aux meilleurs prix. Sachez que nous vendons aussi d’autres gammes de linge de maison en 200 TC (60 fils/cm² soit Classique), 330 TC (130 fils/cm²) ou encore la gamme écologique 400TC (150 fils/cm²).<b><b>Faites votre choix !",update,,248.99,eur,9,,,,,,neuf,,,,,,,,,,,,,,,,,,,,,,,,,,3213163031,,,Dimensions : Housse de couette pour 1 à 2 personnes de 200 x 200 cm,Matière : 100 % pur Coton peigné d'Egypte qualité Premium avec une densité extraordinaire de 250 fils/cm²,Entretien : Facilement lavable en machine jusqu'à 60 degrés. Vous protégera donc contre les acariens et autres allergènes,"Un produit comme vous en avez rarement vu, qui donnera un cachet sans pareil à votre literie","Homescapes vous proposes ses produits de qualité dans plusieurs autres gammes de linge de maison en 200,330 et 440 TC.Tout cela, aux meilleurs prix","Housse de couette,literie,draps,drap","linge de lit, couette,couettes,lit, 1 personne","2 personnes, literie, anti acariens,oreillers","oreiller,Crème,200 x 200 cm","matelas,sommier,lot,set,coton",,,,,,,,,,,,,,,,,,,,,,child,1000DUVPARENT,variation,color-size,,,,,,,,,,,,,,,,,,,,,,,Crème,200 x 200 cm,,Coton,,,,,,,,,,,,,,,,,,,,,,,,,,,,,,,,,,,,,,,,,,,,,,,,,,,,,,,,,,,,,,,,,,,,,,,,,,,,,,,,,
1000DUVCREK,5.08E+11,ean,Homescapes Housse de Couette Crème qualité Premium pour 2 personnes de 200 x 230 cm en Pur coton d'Egypte 1000 TC qualité percale 250 fils/cm²,Homescapes,Homescapes,bedandbath,,"<b>Homescapes</b> vous propose ici sa meilleure qualité de literie, le niveau <b>Premium</b>. En effet, vous trouverez dans ce produit une exigence sans pareille avec une densité de 250 fils/cm² fait à base de fin coton peigné d’Egypte(qualité percale), cette housse de couette vous rendra définitivement heureux en vous apportant un sommeil dès plus confortable.<b><b>Comme beaucoup de nos produits, celui-ci est lavable en machine jusqu’à 60 degrés, ce qui implique une protection <b>optimale</b> contre les acariens et autres allergènes qui ne résistent pas à cette température.<b><b>Nous l’avons souvent dit mais notre souhait chez <b>Homescapes</b> est de vous apporter la meilleure qualité directement depuis chez le fabricant, ce qui vous une literie de la meilleure qualité, aux meilleurs prix. Sachez que nous vendons aussi d’autres gammes de linge de maison en 200 TC (60 fils/cm² soit Classique), 330 TC (130 fils/cm²) ou encore la gamme écologique 400TC (150 fils/cm²).<b><b>Faites votre choix !",update,,272.99,eur,9,,,,,,neuf,,,,,,,,,,,,,,,,,,,,,,,,,,3213163031,,,Dimensions : Housse de couette pour 2 personnes de 200 x 230 cm,Matière : 100 % pur Coton peigné d'Egypte qualité Premium avec une densité extraordinaire de 250 fils/cm²,Entretien : Facilement lavable en machine jusqu'à 60 degrés. Vous protégera donc contre les acariens et autres allergènes,"Un produit comme vous en avez rarement vu, qui donnera un cachet sans pareil à votre literie","Homescapes vous proposes ses produits de qualité dans plusieurs autres gammes de linge de maison en 200,330 et 440 TC.Tout cela, aux meilleurs prix","Housse de couette,literie,draps,drap","linge de lit, couette,couettes,lit, 1 personne","2 personnes, literie, anti acariens,oreillers","oreiller,Crème,200 x 230 cm","matelas,sommier,lot,set,coton",,,,,,,,,,,,,,,,,,,,,,child,1000DUVPARENT,variation,color-size,,,,,,,,,,,,,,,,,,,,,,,Crème,200 x 230 cm,,Coton,,,,,,,,,,,,,,,,,,,,,,,,,,,,,,,,,,,,,,,,,,,,,,,,,,,,,,,,,,,,,,,,,,,,,,,,,,,,,,,,,
1000DUVCRES,5.08E+11,ean,Homescapes Housse de Couette Crème qualié Premium pour 1 personne de 140 x 200 cm en Pur coton d'Egypte 1000 TC qualité percale 250 fils/cm²,Homescapes,Homescapes,bedandbath,,"<b>Homescapes</b> vous propose ici sa meilleure qualité de literie, le niveau <b>Premium</b>. En effet, vous trouverez dans ce produit une exigence sans pareille avec une densité de 250 fils/cm² fait à base de fin coton peigné d’Egypte(qualité percale), cette housse de couette vous rendra définitivement heureux en vous apportant un sommeil dès plus confortable.<b><b>Comme beaucoup de nos produits, celui-ci est lavable en machine jusqu’à 60 degrés, ce qui implique une protection <b>optimale</b> contre les acariens et autres allergènes qui ne résistent pas à cette température.<b><b>Nous l’avons souvent dit mais notre souhait chez <b>Homescapes</b> est de vous apporter la meilleure qualité directement depuis chez le fabricant, ce qui vous une literie de la meilleure qualité, aux meilleurs prix. Sachez que nous vendons aussi d’autres gammes de linge de maison en 200 TC (60 fils/cm² soit Classique), 330 TC (130 fils/cm²) ou encore la gamme écologique 400TC (150 fils/cm²).<b><b>Faites votre choix !",update,,176.99,eur,38,,,,,,neuf,,,,,,,,,,,,,,,,,,,,,,,,,,3213163031,,,Dimensions : Housse de couette pour 1 personnes de 140 x 200 cm,Matière : 100 % pur Coton peigné d'Egypte qualité Premium avec une densité extraordinaire de 250 fils/cm²,Entretien : Facilement lavable en machine jusqu'à 60 degrés. Vous protégera donc contre les acariens et autres allergènes,"Un produit comme vous en avez rarement vu, qui donnera un cachet sans pareil à votre literie","Homescapes vous proposes ses produits de qualité dans plusieurs autres gammes de linge de maison en 200,330 et 440 TC.Tout cela, aux meilleurs prix","Housse de couette,literie,draps,drap","linge de lit, couette,couettes,lit, 1 personne","2 personnes, literie, anti acariens,oreillers","oreiller,Crème,140 x 200 cm","matelas,sommier,lot,set,coton",,,,,,,,,,,,,,,,,,,,,,child,1000DUVPARENT,variation,color-size,,,,,,,,,,,,,,,,,,,,,,,Crème,140 x 200 cm,,Coton,,,,,,,,,,,,,,,,,,,,,,,,,,,,,,,,,,,,,,,,,,,,,,,,,,,,,,,,,,,,,,,,,,,,,,,,,,,,,,,,,
1000DUVCRESK,5.08E+11,ean,Homescapes Housse de Couette Crème qualité premium pour 2 personnes de 220 x 260 cm en Pur coton d'Egypte 1000 TC qualité percale 250 fils/cm²,Homescapes,Homescapes,bedandbath,,"<b>Homescapes</b> vous propose ici sa meilleure qualité de literie, le niveau <b>Premium</b>. En effet, vous trouverez dans ce produit une exigence sans pareille avec une densité de 250 fils/cm² fait à base de fin coton peigné d’Egypte(qualité percale), cette housse de couette vous rendra définitivement heureux en vous apportant un sommeil dès plus confortable.<b><b>Comme beaucoup de nos produits, celui-ci est lavable en machine jusqu’à 60 degrés, ce qui implique une protection <b>optimale</b> contre les acariens et autres allergènes qui ne résistent pas à cette température.<b><b>Nous l’avons souvent dit mais notre souhait chez <b>Homescapes</b> est de vous apporter la meilleure qualité directement depuis chez le fabricant, ce qui vous une literie de la meilleure qualité, aux meilleurs prix. Sachez que nous vendons aussi d’autres gammes de linge de maison en 200 TC (60 fils/cm² soit Classique), 330 TC (130 fils/cm²) ou encore la gamme écologique 400TC (150 fils/cm²).<b><b>Faites votre choix !",update,,320.99,eur,38,,,,,,neuf,,,,,,,,,,,,,,,,,,,,,,,,,,3213163031,,,Dimensions : Housse de couette pour 2 personnes de 220 x 260 cm,Matière : 100 % pur Coton peigné d'Egypte qualité Premium avec une densité extraordinaire de 250 fils/cm²,Entretien : Facilement lavable en machine jusqu'à 60 degrés. Vous protégera donc contre les acariens et autres allergènes,"Un produit comme vous en avez rarement vu, qui donnera un cachet sans pareil à votre literie","Homescapes vous proposes ses produits de qualité dans plusieurs autres gammes de linge de maison en 200,330 et 440 TC.Tout cela, aux meilleurs prix","Housse de couette,literie,draps,drap","linge de lit, couette,couettes,lit, 1 personne","2 personnes, literie, anti acariens,oreillers","oreiller,Crème,220 x 260 cm","matelas,sommier,lot,set,coton",,,,,,,,,,,,,,,,,,,,,,child,1000DUVPARENT,variation,color-size,,,,,,,,,,,,,,,,,,,,,,,Crème,220 x 260 cm,,Coton,,,,,,,,,,,,,,,,,,,,,,,,,,,,,,,,,,,,,,,,,,,,,,,,,,,,,,,,,,,,,,,,,,,,,,,,,,,,,,,,,
XMASVECTORTC90,5.08E+11,ean,Homescapes Nappe blanche pour Noël de 140 x 230 cm avec motif de sapin de Noël fait en pur coton,Homescapes,Homescapes,kitchen,,"<b>Cette nappe est absolument parfait pour les fêtes et célébrations. Offrez à votre cuisine ou salle à manger une magnifique ambiance. </b><br><br>La gamme des nappes de Noël chez <b>Homescapes</b> vous offre des chemins de table, des nappes en différentes tailles et des serviettes en pur coton. <br><br>Décorez votre table festive comme vous le souhaitez avec des couleurs assorties! Votre table deviendra ainsi le cœur de votre célébration! ! <br><br>Nos produits sont disponibles en couleurs simples et unies mais aussi avec différents motifs de Noël (comme des flocons de neige doré, des motifs écossais Edward Tartan, sapins de Noel, poupée russe et beaucoup d’autres). Vous y trouverez forcément votre Bonheur. <br><br>En combinant tout cela avec une lumière tamisée, des bougies et des biscuits, l’ambiance de Noël sera garantie!",update,,36.99,eur,46,,,,,,neuf,,,,,,,,,,,,,,,,,,,,,,,,,,3213225031,,,1 x Nappe blanche pour les fêtes avec motif de sapin de Noël.,Dimension: env. 140 x 230 cm,Matériel: 100% pur coton,Lavable à 40°C,"Aussi disponible en chemin de table, set de table et serviette.","set de table noel, Noël, nappe de noel, coton,xmas","chemin de table de noel, tissu, sapin de noel","poupée russe, flocon de neige,decorations,Macduff","décoration, edward tartan, ecosse, serviette","fetes, celebrations, cadeau, boule de noel, linge",,,,,,,,,,,,,,,,,,,,,,,,,,,,,,,,,,,,,,,,,,,,,,,,,,,,,,,,,,,,,,,,,,,,,,,,,,,,,,,,,,,,,,,,,,,,,,,,,,,,,,,,,,,,,,,,,,,,,,,,,,,,,,,,,,,,
chairpadchoco,5.08E+11,ean,Homescapes Coussin de chaise QUALITE supérieure (40 x 40cm) avec POIGNEE. Pur coton ULTRA DOUX. Couleur CHOCOLAT,Homescapes,Homescapes,furnitureanddecor,,"Homescapes est connue pour sa large gamme de linge de maison, tapis et meubles. Homescapes approvisionne les principaux groupes hôteliers et chaînes de magasins. La gamme de linge de table Homescapes a été fabriquée dans le sud de l'Inde et constitue certainement l'un des meilleur textile de table disponible sur le marché. Cette gamme parfaitement harmonisée comprend des nappes disponibles en trois différentes tailles, des sets de table, chemins de table, serviettes de table et coussins de chaise. De plus, la gamme Inclut des tabliers, gants de cuisine (simple ou double) et torchons assortis. Cette gamme originale mais néanmoins classique va rajeunir radicalement votre salle à manger ou votre cuisine. Pour plus d'informations, veuillez contacter Homescapes par téléphone ou rendez-vous sur notre site internet.",update,,29.99,eur,58,,,,,,neuf,,,,,,,,,,,,,,,,,,,,,,,,,,214929031,,,"Coussin de chaise de couleur chocolat. 40 x 40cm, avec poignée. Assorti avec une gamme de tabliers, nappes, chemins de table, serviettes de tables, torchons, gants de cuisines et coussins de chaise Homescapes.",Lavable à 60°C (température qui tue les acariens et élimine les allergènes). Un produit sain et de qualité supérieure. Peut être utilisé à la maison comme en entreprise ou en usine. Facile d'entretien.,"Assemblé avec soin dans le sud de l'Inde, une région connue pour son savoir-faire en matière de linge de table. Vendu dans les grandes surfaces de qualité du monde entier. Les recettes sont en partie utilisées pour améliorer le bien-être des producteurs.","Le tissu de coton à haute densité est teint en utilisant le meilleur réactif pour teinture, en conformité avec les normes européennes. Un excellent tissu et une fabrication minutieuse offrent à ce linge de table un aspect admirable ainsi qu'une longue durée de vie.",,"coussins, chaise, salon, de chaise, sol","jardin, de sol, hello kitty, chauffant","allaitement, d'allaitement, boutis, dora","hannah montana, rond, fauteuil, déco","canapé, grossess, pas cher, grand , pouf, enfant",,,,,,,,,,,,,,,,,,,,,,,,,,,,,,,,,,,,,,,,,,,,,,,,,,,,,,,,,,,,,,,,,,,,,,,,,,,,,,,,,,,,,,,,,,,,,,,,,,,,,,,,,,,,,,,,,,,,,,,,,,,,,,,,,,,,
